CustomerID,Age,AnnualIncome,SpendingScore,Purchased,Gender_Male,Gender_other,Region_North,Region_South,Region_West,AgeGroup_Adult,AgeGroup_Mid-Age,AgeGroup_Senior
1001,0.7486139431795207,-0.33936409487387126,1.0667629373804264,1,True,False,False,False,True,False,True,False
1002,1.6296428874506832,3.1421708875215857,0.8098018569411086,0,True,False,False,True,False,False,False,True
1003,0.07089937066324171,0.9019623958272106,-1.1724693350193431,1,False,True,False,True,False,False,True,False
1004,-0.8779010308595488,0.5173090588186301,1.287015292042699,1,True,False,False,True,False,True,False,False
1005,1.0196997721860321,0.6279888755283164,0.0,1,False,True,False,True,False,False,True,False
1006,-1.3523012316209442,-0.2105553991503892,-0.40158609370138965,1,True,False,False,False,False,False,False,False
1007,-0.47127228734978144,-1.0738178317464289,-0.03449883593093563,1,True,False,False,False,True,True,False,False
1008,0.7486139431795207,1.1986137389514804,0.4060058733936092,1,False,True,False,False,False,False,True,False
1009,-0.6068152018530373,-0.19466754392612176,0.5161320507247454,1,True,False,False,False,True,True,False,False
1010,-0.33572937284652565,-0.49877781697673174,0.0,0,False,True,False,True,False,True,False,False
1011,-1.1489868598660604,1.4118454801192803,-1.7231002216750242,0,True,False,True,False,False,False,False,False
1012,-1.1489868598660604,-1.582195750806726,1.4338501951508804,0,True,False,False,False,False,False,False,False
1013,-0.26795791559489773,-1.1025497636151567,0.846510582718154,1,False,False,True,False,False,True,False,False
1014,0.545299571424637,-1.3936152713237366,-1.3927216896816155,1,False,False,False,False,False,False,True,False
1015,0.8163854004311486,-1.1980775836583313,0.5528407765017909,1,False,True,False,True,False,False,True,False
1016,-0.26795791559489773,-0.8149294118815233,1.030054211603381,1,False,False,False,False,False,True,False,False
1017,-1.6911585178790836,0.6161147942554429,1.1768891147115625,1,False,True,False,True,False,False,False,False
1018,-0.4035008300981535,-0.19724304887826616,0.846510582718154,1,False,False,False,False,False,True,False,False
1019,-1.7589299751307115,-1.078500568023055,-1.0256344319111614,1,True,False,False,True,False,False,False,False
1020,-0.26795791559489773,-0.07425432538430522,-1.1357606092422976,0,False,True,False,True,False,True,False,False
1021,1.08747122943766,0.026524848911942882,1.654102549813153,1,False,True,False,False,True,False,False,True
1022,0.13867082791486962,-0.9078817269725534,0.0,0,True,False,False,True,False,False,True,False
1023,0.6808424859278928,1.4941612942391167,1.213597840488608,0,False,True,False,False,True,False,True,False
1024,-1.7589299751307115,-1.0199663645652275,1.6908112755901983,1,False,True,False,True,False,False,False,False
1025,-0.47127228734978144,0.7824188283081961,-0.40158609370138965,1,False,False,True,False,False,True,False,False
1026,0.3419851996697533,-0.2108765010665009,-0.6218384483636621,0,False,True,False,True,False,False,True,False
1027,-1.0812154026144325,-1.0453869329240555,-1.3927216896816155,0,True,False,True,False,False,False,False,False
1028,-0.4035008300981535,0.784693300213986,-0.14462501326207183,1,False,False,True,False,False,True,False,False
1029,1.08747122943766,-1.6824732033590497,1.470558920927926,1,False,False,False,True,False,False,False,True
1030,-0.20018645834326987,-0.3381934108047147,-0.5851297225866167,0,True,False,True,False,False,True,False,False
1031,1.4263285156957997,-0.2848035276279238,-0.2914599163702534,1,True,False,False,False,True,False,False,True
1032,-0.06464354384001407,-1.6582902153019017,-1.5028478670127516,1,False,False,False,False,False,True,False,False
1033,0.9519283149344043,-0.9237695821968208,0.0,1,False,True,False,True,False,False,True,False
1034,0.003127913411613825,-0.6134714076378119,1.3604327435967896,0,False,False,True,False,False,True,False,False
1035,-0.8101295736079209,0.20088987898374555,0.0,0,True,False,False,True,False,True,False,False
1036,-0.8779010308595488,1.386123878714098,1.4338501951508804,0,False,False,False,False,True,True,False,False
1037,1.2907856011925438,-1.6717698061553328,-0.2914599163702534,1,True,False,False,True,False,False,False,True
1038,0.003127913411613825,-1.6504299079804219,-1.1724693350193431,1,False,False,False,True,False,True,False,False
1039,0.003127913411613825,0.2547413461649468,0.9933454858263356,0,False,True,True,False,False,True,False,False
1040,1.6296428874506832,-0.8063666941185497,-0.10791628748502644,0,False,False,False,False,True,False,False,True
1041,-1.6911585178790836,1.1500805222558759,0.0,0,False,False,False,False,False,False,False,False
1042,0.6130710286762648,-0.3211014233950291,1.103471663157472,1,True,False,False,False,False,False,True,False
1043,1.5618714301990555,1.282300925838043,1.1401803889345172,0,True,False,True,False,False,False,False,True
1044,-1.4200726888725719,0.6952864854466873,0.18575351873133678,0,True,False,False,True,False,False,False,False
1045,-0.47127228734978144,1.3896693790378292,1.3604327435967896,1,False,False,True,False,False,True,False,False
1046,-1.2845297743693163,1.2391194077442969,0.0,1,False,True,True,False,False,False,False,False
1047,0.7486139431795207,-1.1242241429526838,-1.062343157688207,1,True,False,True,False,False,False,True,False
1048,-0.6745866591046651,-0.6195924129136876,-0.5851297225866167,0,True,False,False,True,False,True,False,False
1049,-1.6233870606274556,0.4019465058323175,0.9199280342722448,1,False,False,False,False,True,False,False,False
1050,-0.20018645834326987,-0.46165040792633827,-0.32816864214729885,1,True,False,True,False,False,True,False,False
1051,-0.9456724881111767,-0.12569752819467017,-0.6218384483636621,0,False,True,False,True,False,True,False,False
1052,1.4940999729474276,-0.7758285639716945,1.7642287271442891,1,False,True,False,False,True,False,False,True
1053,-1.2845297743693163,-1.5190457073047954,-1.7231002216750242,0,True,False,True,False,False,False,False,False
1054,-0.13241500109164198,-0.47028002192183516,1.7642287271442891,0,True,False,False,False,False,True,False,False
1055,-1.7589299751307115,-0.8470061553764128,-0.5851297225866167,1,False,False,False,False,True,False,False,False
1056,-0.5390437446014094,-1.3571568245985755,1.030054211603381,1,False,True,True,False,False,True,False,False
1057,0.003127913411613825,-0.4513818362340223,-0.6952558999177528,1,False,True,False,False,True,True,False,False
1058,1.2907856011925438,-0.8876456166342759,-0.5851297225866167,1,True,False,False,False,True,False,False,True
1059,-1.4200726888725719,0.43800357516233923,1.030054211603381,1,False,False,False,False,True,False,False,False
1060,1.08747122943766,-0.023968427396592374,-0.8420908030259345,1,False,True,False,False,True,False,False,True
1061,-1.3523012316209442,0.014282838360191535,-0.9889257061341161,0,False,True,False,False,True,False,False,False
1062,0.003127913411613825,-1.3284917889623709,0.6262582280558816,0,False,False,False,False,True,True,False,False
1063,0.4775281141730091,-0.37642460769174146,-0.40158609370138965,1,False,False,True,False,False,False,True,False
1064,-0.9456724881111767,-0.11004380978423403,1.5072676467049713,0,False,True,False,False,False,True,False,False
1065,-0.742358116356293,0.8884828049737795,-0.10791628748502644,1,False,True,False,True,False,True,False,False
1066,0.545299571424637,1.596311841302091,-1.245886786573434,0,False,False,False,False,True,False,True,False
1067,1.4940999729474276,0.7883391448865021,0.0,0,False,True,False,True,False,False,False,True
1068,0.8163854004311486,0.018162819846538957,-0.18133373903911723,0,True,False,True,False,False,False,True,False
1069,-1.6233870606274556,1.0005674425664537,0.0022098898461097717,1,True,False,False,False,True,False,False,False
1070,-1.7589299751307115,-0.8583116186728389,0.9566367600492902,0,False,False,False,False,False,False,False,False
1071,0.003127913411613825,1.11455862278604,0.4427145991706546,1,False,False,False,True,False,True,False,False
1072,0.9519283149344043,0.7998653657502551,0.662966953832927,0,False,False,False,False,True,False,True,False
1073,-1.6233870606274556,0.8186096901032643,-1.5762653185668425,0,True,False,True,False,False,False,False,False
1074,0.07089937066324171,0.10188345484936306,-1.4661391412357063,0,False,True,False,False,False,False,True,False
1075,-0.6745866591046651,-0.7151871291893853,-1.5762653185668425,0,True,False,False,True,False,True,False,False
1076,-0.13241500109164198,0.8080400853645938,0.8832193084951995,0,False,True,False,True,False,True,False,False
1077,1.08747122943766,0.37361595135872905,1.6908112755901983,1,True,False,False,False,True,False,False,True
1078,0.003127913411613825,0.735691809890719,-0.6218384483636621,1,False,True,False,False,False,True,False,False
1079,-1.2167583171176883,0.14426221815283016,0.0,0,True,False,False,False,False,False,False,False
1080,0.545299571424637,-0.6883617399475696,0.0,0,False,False,False,False,False,False,True,False
1081,-0.9456724881111767,1.1094745091142744,-1.5028478670127516,0,True,False,False,False,False,True,False,False
1082,0.2064422851664975,0.5611260911213467,0.846510582718154,0,False,True,True,False,False,False,True,False
1083,1.3585570584441717,0.6755855449685956,0.03891861562315518,1,True,False,False,False,False,False,False,True
1084,-0.8779010308595488,-0.40385206302626636,1.5806850982590621,0,True,False,False,True,False,True,False,False
1085,0.003127913411613825,-0.9332019509825965,0.4794233249477,1,True,False,False,True,False,True,False,False
1086,-0.9456724881111767,1.121683071549764,1.287015292042699,0,False,False,True,False,False,True,False,False
1087,-0.33572937284652565,0.904805485709448,0.4794233249477,1,True,False,False,True,False,True,False,False
1088,0.8163854004311486,0.4304443008872141,-1.5395565927897972,0,False,False,False,True,False,False,True,False
1089,-0.47127228734978144,0.717328794063092,0.9566367600492902,0,False,False,False,False,False,True,False,False
1090,-0.8101295736079209,0.6445590723243206,1.287015292042699,1,True,False,False,True,False,True,False,False
1091,1.155242686689288,1.1729255856625596,1.1401803889345172,0,True,False,True,False,False,False,False,True
1092,-0.6745866591046651,-0.6769559323023586,-1.6496827701209333,0,True,False,False,False,False,True,False,False
1093,1.2907856011925438,0.7686047562921489,-1.5762653185668425,0,False,True,False,False,True,False,False,True
1094,-0.26795791559489773,0.2834732780336747,0.33258842183951837,1,True,False,False,False,False,True,False,False
1095,-0.13241500109164198,1.0836525633603071,-0.9889257061341161,0,False,False,True,False,False,True,False,False
1096,-0.20018645834326987,-1.3340776243780605,-0.8420908030259345,0,True,False,False,False,False,True,False,False
1097,1.155242686689288,0.0906783359017218,-1.6863914958979787,1,False,True,False,False,False,False,False,True
1098,0.003127913411613825,1.166169066177713,-0.2914599163702534,1,True,False,True,False,False,True,False,False
1099,0.07089937066324171,0.47824165902506294,0.4060058733936092,1,False,True,False,False,False,False,True,False
1100,-0.8779010308595488,-1.1617529293982165,0.0,0,False,True,True,False,False,True,False,False
1101,1.155242686689288,-0.16734043294038173,0.9566367600492902,0,True,False,True,False,False,False,False,True
1102,-1.8267014323823394,-1.5356025248542953,1.213597840488608,0,False,False,False,False,True,False,False,False
1103,-0.20018645834326987,0.09962236219007764,-1.3560129639045702,1,False,True,False,True,False,True,False,False
1104,-1.4200726888725719,-1.205068239957009,1.397141469373835,0,True,False,False,True,False,False,False,False
1105,-1.2845297743693163,-1.6677894803202005,0.0,0,True,False,False,False,False,False,False,False
1106,0.003127913411613825,0.2823025939645182,-1.3193042381275246,1,False,False,False,False,False,True,False,False
1107,-1.8267014323823394,0.04462027980947698,-0.8787995288029798,1,False,True,False,False,True,False,False,False
1108,1.08747122943766,-1.0697037134462501,-0.14462501326207183,1,False,True,False,False,True,False,False,True
1109,-1.3523012316209442,-0.5298176688675111,-1.0990518834652523,1,True,False,False,False,True,False,False,False
1110,0.003127913411613825,-0.34070201952433593,0.22246224450838217,1,True,False,True,False,False,True,False,False
1111,-1.1489868598660604,-1.2777509965934999,-0.14462501326207183,0,False,False,False,False,True,False,False,False
1112,1.5618714301990555,-0.05351649330210349,-1.5028478670127516,1,False,False,False,False,True,False,False,True
1113,-0.742358116356293,-0.6904020750395281,1.6173938240361074,0,False,True,False,False,False,True,False,False
1114,-1.3523012316209442,2.3903701213528477,0.14904479295429138,0,False,True,False,False,True,False,False,False
1115,0.4775281141730091,3.1421708875215857,0.22246224450838217,1,True,False,True,False,False,False,True,False
1116,0.4775281141730091,-0.9641080104083294,-0.6218384483636621,1,False,True,True,False,False,False,True,False
1117,0.3419851996697533,1.2006206259271772,0.0,1,False,False,False,False,False,False,True,False
1118,-1.5556156033758277,1.1189737741325734,-0.18133373903911723,0,False,False,False,False,True,False,False,False
1119,0.9519283149344043,1.0231716795360537,1.213597840488608,1,True,False,False,False,True,False,True,False
1120,0.7486139431795207,1.5939035769312546,0.7730931311640632,1,False,False,True,False,False,False,True,False
1121,0.8841568576827764,1.4333860669917609,0.0,1,False,False,False,False,True,False,True,False
1122,0.003127913411613825,0.8314537667477248,1.2503065662656534,1,False,False,False,False,True,True,False,False
1123,-1.4200726888725719,-1.253099734908689,-0.9889257061341161,1,False,False,False,False,True,False,False,False
1124,2.37512891721859,-0.6183882807282695,-0.43829481947843507,0,True,False,False,True,False,False,False,True
1125,-1.3523012316209442,0.8929648525528361,1.7275200013672436,0,True,False,False,False,False,False,False,False
1126,-1.0812154026144325,-1.6985282991646253,0.25917097028542757,0,False,True,False,True,False,False,False,False
1127,0.4097566569213812,0.3725121635220957,0.3692971476165638,1,False,False,False,False,False,False,True,False
1128,0.3419851996697533,0.3497339963479354,-1.6863914958979787,1,False,True,True,False,False,False,True,False
1129,1.3585570584441717,-1.5043954323822077,-0.7686733514718437,1,True,False,False,False,True,False,False,True
1130,-0.33572937284652565,-0.48971337746983384,0.9199280342722448,0,True,False,False,False,False,True,False,False
1131,-0.26795791559489773,-0.7387011549213012,-0.5117122710325258,1,True,False,False,True,False,True,False,False
1132,0.003127913411613825,3.1421708875215857,0.4427145991706546,1,True,False,False,False,True,True,False,False
1133,0.4775281141730091,-0.12626614617111764,1.6173938240361074,1,True,False,True,False,False,False,True,False
1134,0.003127913411613825,-1.1036869995680516,0.18575351873133678,0,True,False,False,False,False,True,False,False
1135,0.8163854004311486,0.5211890403049775,0.5161320507247454,1,True,False,False,False,False,False,True,False
1136,-0.4035008300981535,1.2721326984945116,1.103471663157472,0,False,False,False,False,False,True,False,False
1137,-0.06464354384001407,1.1400126392611296,1.7642287271442891,1,False,True,False,False,True,True,False,False
1138,0.4775281141730091,-0.48369271654274304,-1.5395565927897972,0,True,False,False,True,False,False,True,False
1139,-1.8267014323823394,-0.004682243560144567,0.9933454858263356,0,False,False,False,True,False,False,False,False
1140,0.4775281141730091,-0.7870671310355974,0.0022098898461097717,0,False,False,False,False,False,False,True,False
1141,0.6130710286762648,-0.5387148677931008,1.654102549813153,1,False,True,True,False,False,False,True,False
1142,1.2907856011925438,0.6915603652951434,1.3237240178197442,1,True,False,True,False,False,False,False,True
1143,-0.9456724881111767,-0.29879821947178364,-0.6585471741407075,0,False,True,False,True,False,True,False,False
1144,-1.6911585178790836,0.8791507805367887,0.33258842183951837,0,True,False,True,False,False,False,False,False
1145,-1.8267014323823394,-0.5583489120386693,0.4427145991706546,1,False,False,False,True,False,False,False,False
1146,-1.5556156033758277,1.590391524723785,-0.9155082545800253,1,False,False,False,False,False,False,False,False
1147,-0.13241500109164198,0.2914673778202009,0.0,0,False,False,False,True,False,True,False,False
1148,-0.9456724881111767,-0.9468487824173357,-0.43829481947843507,1,False,False,False,True,False,True,False,False
1149,0.7486139431795207,0.09930794989721865,-1.6496827701209333,1,False,True,False,False,False,False,True,False
1150,-0.06464354384001407,-1.1497785037765582,1.5806850982590621,1,True,False,True,False,False,True,False,False
1151,-1.2845297743693163,-0.012274965951531332,-1.062343157688207,1,True,False,False,True,False,False,False,False
1152,-0.8779010308595488,0.13048159425304448,0.4060058733936092,0,False,True,False,True,False,True,False,False
1153,-0.8779010308595488,0.8311192855851086,-0.9155082545800253,1,True,False,False,False,False,True,False,False
1154,-0.13241500109164198,0.7516465613475097,0.03891861562315518,1,False,False,True,False,False,True,False,False
1155,0.9519283149344043,1.001236404891686,0.0022098898461097717,0,True,False,False,True,False,False,True,False
1156,-1.0134439453628046,0.13623467025004238,0.07562734140020058,0,False,False,False,False,False,False,False,False
1157,1.5618714301990555,1.517374286924678,1.7275200013672436,1,False,True,False,True,False,False,False,True
1158,0.2742137424181254,-0.26590534194011095,-0.47500354525548044,1,True,False,False,False,True,False,True,False
1159,0.7486139431795207,1.3426413275739975,1.8009374529213344,1,False,True,False,False,False,False,True,False
1160,1.4263285156957997,-0.46215212967026253,0.6262582280558816,1,True,False,True,False,False,False,False,True
1161,1.6296428874506832,0.17807826369332364,1.103471663157472,0,False,False,True,False,False,False,False,True
1162,0.2742137424181254,-0.68257521583431,0.0,0,False,True,True,False,False,False,True,False
1163,-1.6233870606274556,-0.849682004677342,-0.47500354525548044,0,True,False,True,False,False,False,False,False
1164,0.13867082791486962,-0.4049892989791613,-1.5762653185668425,1,False,False,False,True,False,False,True,False
1165,0.6130710286762648,-0.6308778073403568,-0.3648773679243443,1,False,True,False,True,False,False,True,False
1166,-0.33572937284652565,1.5176084237385092,-0.25475119059320805,1,False,True,True,False,False,True,False,False
1167,0.7486139431795207,0.881391804326317,0.33258842183951837,1,True,False,True,False,False,False,True,False
1168,1.155242686689288,-1.687055595286891,0.0,0,True,False,True,False,False,False,False,True
1169,-0.8779010308595488,-0.11051208341189665,-1.6863914958979787,0,True,False,False,True,False,True,False,False
1170,1.0196997721860321,-0.37632426334295666,-1.1357606092422976,1,False,False,True,False,False,False,True,False
1171,0.07089937066324171,-1.1818886953877092,-0.32816864214729885,0,True,False,True,False,False,False,True,False
1172,0.545299571424637,0.31227210613492584,0.0,1,False,True,False,False,True,False,True,False
1173,-1.0134439453628046,-0.027895236245705866,-1.245886786573434,1,False,True,False,False,True,False,False,False
1174,2.37512891721859,0.9740765344872541,1.7642287271442891,0,True,False,True,False,False,False,False,True
1175,-1.4200726888725719,1.0203352792770686,1.83764617869838,1,True,False,False,False,False,False,False,False
1176,1.5618714301990555,-0.757866925539207,-0.8420908030259345,1,False,True,True,False,False,False,False,True
1177,-0.4035008300981535,-1.598719120239964,-1.5028478670127516,0,False,False,False,False,True,True,False,False
1178,0.003127913411613825,1.4872040860567006,1.654102549813153,1,True,False,False,False,False,True,False,False
1179,-1.7589299751307115,-0.17500005156429171,1.397141469373835,1,True,False,False,False,False,False,False,False
1180,0.003127913411613825,-0.1383409161415609,-0.25475119059320805,0,False,True,True,False,False,True,False,False
1181,1.155242686689288,0.7399397206559442,-0.18133373903911723,1,True,False,False,False,True,False,False,True
1182,0.003127913411613825,1.3715405000240335,-1.2825955123504793,0,False,False,False,False,True,True,False,False
1183,0.003127913411613825,0.23386972161769862,1.0667629373804264,1,False,True,False,False,False,True,False,False
1184,0.003127913411613825,0.310164874810444,-1.7231002216750242,0,True,False,True,False,False,True,False,False
1185,1.08747122943766,-0.5459731090218715,-0.43829481947843507,0,False,True,False,True,False,False,False,True
1186,1.08747122943766,1.2544051968758554,0.7363844053870178,0,True,False,False,True,False,False,False,True
1187,-0.5390437446014094,-0.7588369209107938,-0.40158609370138965,1,True,False,False,False,True,True,False,False
1188,0.13867082791486962,-0.5238973522892051,-0.2914599163702534,0,True,False,False,True,False,False,True,False
1189,-1.1489868598660604,1.1400795354936528,0.4794233249477,0,False,False,False,False,True,False,False,False
1190,0.003127913411613825,-0.44656530749234963,0.4060058733936092,0,False,False,False,False,True,True,False,False
1191,-0.20018645834326987,0.3030404260467199,-1.2825955123504793,0,False,True,False,False,True,True,False,False
1192,0.7486139431795207,-1.0974322018271296,1.470558920927926,0,True,False,False,True,False,False,True,False
1193,0.3419851996697533,-1.0331449223723042,1.287015292042699,1,True,False,False,False,True,False,True,False
1194,2.37512891721859,-1.3548154564602624,-1.7231002216750242,1,False,False,False,False,False,False,False,True
1195,-0.06464354384001407,1.1823914025645967,0.7730931311640632,1,True,False,True,False,False,True,False,False
1196,1.6296428874506832,0.5190951882270002,-1.1724693350193431,1,False,False,True,False,False,False,False,True
1197,0.003127913411613825,0.040673402090606325,1.470558920927926,1,True,False,False,False,True,True,False,False
1198,0.8841568576827764,0.18169066024957814,0.0,1,False,True,True,False,False,False,True,False
1199,0.003127913411613825,0.031508618234923624,0.6262582280558816,1,True,False,False,True,False,True,False,False
1200,0.003127913411613825,1.2556093290612735,-0.5117122710325258,0,True,False,False,True,False,True,False,False
1201,-1.4878441461241998,0.6788300122459723,-1.612974044343888,1,False,False,True,False,False,False,False,False
1202,-1.3523012316209442,1.3107652727766779,0.5895495022788362,0,True,False,False,True,False,False,False,False
1203,-0.06464354384001407,-0.9130661849931038,-0.32816864214729885,0,True,False,True,False,False,True,False,False
1204,-1.2845297743693163,-1.3718405476374247,0.9933454858263356,1,False,False,True,False,False,False,False,False
1205,0.6130710286762648,2.0147143276186417,0.25917097028542757,0,False,True,True,False,False,False,True,False
1206,0.3419851996697533,-0.7790395831328097,-0.47500354525548044,0,False,True,False,False,True,False,True,False
1207,1.5618714301990555,0.041543053113408335,-0.14462501326207183,0,False,False,True,False,False,False,False,True
1208,0.9519283149344043,-0.9669845484068283,-0.9522169803570707,0,False,False,False,False,True,False,True,False
1209,1.08747122943766,0.541425150643255,-0.07120756170798104,1,False,False,True,False,False,False,False,True
1210,-0.26795791559489773,-1.578984731645611,-0.6585471741407075,1,False,False,True,False,False,True,False,False
1211,-0.8779010308595488,1.4233181839970146,-1.3927216896816155,1,False,False,True,False,False,True,False,False
1212,0.2742137424181254,1.2489197058089503,-1.429430415458661,1,False,True,False,True,False,False,True,False
1213,0.2742137424181254,-1.0124070902901023,0.662966953832927,1,False,True,False,False,True,False,True,False
1214,-0.26795791559489773,0.23644522656984304,-1.2825955123504793,1,False,False,False,False,True,True,False,False
1215,0.8841568576827764,0.7498403630693824,1.1401803889345172,1,True,False,True,False,False,False,True,False
1216,1.6296428874506832,0.5096828883109817,0.9199280342722448,1,False,False,True,False,False,False,False,True
1217,1.4263285156957997,-0.6714035450029303,1.6173938240361074,1,True,False,False,True,False,False,False,True
1218,1.4263285156957997,-1.211155797116623,-1.429430415458661,1,False,False,False,True,False,False,False,True
1219,1.6296428874506832,-1.3361848557025424,0.9933454858263356,0,False,False,False,True,False,False,False,True
1220,-1.0812154026144325,-0.9366136588412812,1.654102549813153,1,False,True,False,False,True,False,False,False
1221,0.7486139431795207,-0.22209499926064663,-1.7598089474520695,0,True,False,False,False,True,False,True,False
1222,-1.7589299751307115,-0.44051119844899717,-1.612974044343888,0,True,False,False,False,True,False,False,False
1223,-1.6911585178790836,0.466835851379852,-1.062343157688207,0,False,True,True,False,False,False,False,False
1224,1.4263285156957997,-0.15907874822376264,-1.5028478670127516,0,False,True,False,False,True,False,False,True
1225,0.6130710286762648,-0.6401630044145813,-0.21804246481616266,1,False,True,False,False,False,False,True,False
1226,1.4263285156957997,-1.6903335106805295,0.9933454858263356,0,False,True,False,False,False,False,False,True
1227,-0.742358116356293,-0.7514315079704721,-1.7598089474520695,1,True,False,False,True,False,True,False,False
1228,1.4263285156957997,-0.5669116298016429,0.0,1,True,False,False,False,True,False,False,True
1229,0.003127913411613825,-0.47349104108295026,0.5528407765017909,0,False,False,False,False,False,True,False,False
1230,-1.7589299751307115,0.09539452029460961,1.287015292042699,1,False,False,False,True,False,False,False,False
1231,0.003127913411613825,-0.603804902038205,-0.7686733514718437,0,False,True,False,False,True,True,False,False
1232,-0.33572937284652565,2.627329956196638,-0.43829481947843507,0,False,True,True,False,False,True,False,False
1233,0.6130710286762648,0.7561286089265662,-0.07120756170798104,1,False,True,False,False,False,False,True,False
1234,0.2742137424181254,1.0535827068411145,0.9933454858263356,1,False,False,True,False,False,False,True,False
1235,0.3419851996697533,0.10960996970579628,-0.43829481947843507,0,False,False,False,False,True,False,True,False
1236,-1.8267014323823394,-1.2947760877706622,0.0022098898461097717,1,False,False,False,False,False,False,False,False
1237,-0.6068152018530373,-0.926713016427843,-0.18133373903911723,1,False,False,False,False,True,True,False,False
1238,-1.7589299751307115,-0.22992185846586471,0.25917097028542757,1,False,False,True,False,False,False,False,False
1239,1.08747122943766,-0.7999112076800579,-0.7686733514718437,0,False,False,False,False,False,False,False,True
1240,-0.13241500109164198,-0.6034035246430657,1.103471663157472,0,False,False,True,False,False,True,False,False
1241,0.2742137424181254,1.1393436769358973,-1.5762653185668425,1,False,True,False,False,True,False,True,False
1242,-1.4878441461241998,0.2843964460424955,0.4427145991706546,1,False,True,False,False,True,False,False,False
1243,0.2742137424181254,1.1174686089008006,-1.062343157688207,1,False,True,True,False,False,False,True,False
1244,-1.6233870606274556,-1.052912759082919,1.0667629373804264,1,False,True,False,False,False,False,False,False
1245,-1.1489868598660604,1.233199091165991,-1.7231002216750242,1,False,False,True,False,False,False,False,False
1246,-0.742358116356293,0.0658732128821074,0.8832193084951995,0,True,False,False,False,True,True,False,False
1247,0.6808424859278928,-0.01960010341282517,-0.43829481947843507,1,False,False,True,False,False,False,True,False
1248,-0.26795791559489773,1.3274893309074856,-1.062343157688207,0,True,False,False,False,True,True,False,False
1249,-1.5556156033758277,0.587550102968023,-0.8420908030259345,1,False,True,True,False,False,False,False,False
1250,1.6296428874506832,-1.5085095506823865,-0.7319646256947983,0,False,False,False,False,False,False,False,True
1251,0.4097566569213812,-0.5448024249527149,-1.7598089474520695,1,False,True,False,False,False,False,True,False
1252,-1.4878441461241998,-1.021504977913262,-0.5117122710325258,0,False,False,True,False,False,False,False,False
1253,-0.4035008300981535,-0.08626219912222527,0.7730931311640632,1,False,True,True,False,False,True,False,False
1254,-1.1489868598660604,-0.5235294230103273,0.3692971476165638,0,True,False,False,False,False,False,False,False
1255,1.3585570584441717,1.4030151774262138,0.0,0,True,False,False,False,True,False,False,True
1256,-0.8101295736079209,0.1697162346279197,-0.5851297225866167,0,True,False,False,False,False,True,False,False
1257,0.3419851996697533,-1.0559230895464644,0.07562734140020058,0,False,False,False,False,True,False,True,False
1258,-1.2845297743693163,-1.696454515956405,1.0667629373804264,0,True,False,True,False,False,False,False,False
1259,-1.4878441461241998,-0.24875314792115436,-1.3560129639045702,0,False,False,True,False,False,False,False,False
1260,-0.8101295736079209,1.2799595576997298,-1.062343157688207,1,True,False,False,False,True,True,False,False
1261,0.003127913411613825,-1.7300029765668057,0.14904479295429138,0,True,False,True,False,False,True,False,False
1262,-1.6911585178790836,0.6479239528202394,1.4338501951508804,1,False,False,False,False,True,False,False,False
1263,-0.5390437446014094,-1.331435223193393,-0.21804246481616266,1,False,False,False,True,False,True,False,False
1264,0.545299571424637,-0.006689130535841509,1.8009374529213344,1,True,False,False,False,False,False,True,False
1265,-0.6068152018530373,-1.3618730089914632,1.470558920927926,1,False,False,False,True,False,True,False,False
1266,-0.13241500109164198,-1.6827742364054044,0.03891861562315518,1,True,False,False,False,True,True,False,False
1267,-1.6911585178790836,0.09017661415779757,-0.7319646256947983,0,False,False,False,False,False,False,False,False
1268,-0.6068152018530373,0.5317251969273864,0.295879696062473,0,False,True,False,False,True,True,False,False
1269,-0.5390437446014094,0.06196647290275108,-0.3648773679243443,0,False,True,False,False,False,True,False,False
1270,0.2742137424181254,0.6286578378535488,1.6908112755901983,1,False,True,False,False,False,False,True,False
1271,-1.4200726888725719,-1.2096171837685887,0.25917097028542757,0,False,True,False,False,False,False,False,False
1272,1.6296428874506832,0.12379197100072134,-0.21804246481616266,0,False,True,False,False,False,False,False,True
1273,0.8841568576827764,0.3509381285333536,0.03891861562315518,0,True,False,False,False,True,False,True,False
1274,0.003127913411613825,0.8493819570639508,-0.9522169803570707,0,False,True,False,False,False,True,False,False
1275,0.8163854004311486,1.2890908934391507,-0.18133373903911723,0,False,True,False,False,False,False,True,False
1276,0.7486139431795207,-0.8069353120949971,-0.40158609370138965,1,False,True,False,True,False,False,True,False
1277,-0.6745866591046651,-0.48228789565975516,1.287015292042699,0,False,True,True,False,False,True,False,False
1278,0.8163854004311486,-0.7475314576143677,-0.9522169803570707,1,False,False,True,False,False,False,True,False
1279,-1.8267014323823394,0.6114989542113399,-0.14462501326207183,1,True,False,False,True,False,False,False,False
1280,-1.1489868598660604,-1.3338434875642293,0.0,1,False,True,False,True,False,False,False,False
1281,0.003127913411613825,0.15191514715348792,1.1401803889345172,1,False,True,False,False,True,True,False,False
1282,-0.20018645834326987,0.14101775087545343,0.03891861562315518,1,False,True,False,False,True,True,False,False
1283,0.003127913411613825,-1.0876987999949994,0.0,0,True,False,False,False,True,True,False,False
1284,-0.33572937284652565,1.4181002778602025,1.3237240178197442,0,False,False,False,True,False,True,False,False
1285,0.2064422851664975,1.0118060096303567,-1.7598089474520695,0,True,False,False,True,False,False,True,False
1286,0.13867082791486962,-0.24239800583144736,-1.5028478670127516,1,False,False,False,False,False,False,True,False
1287,0.9519283149344043,-0.4971054111636509,-0.7319646256947983,0,False,True,False,False,True,False,True,False
1288,0.003127913411613825,0.6069031830369941,1.7275200013672436,0,False,True,False,False,True,True,False,False
1289,0.003127913411613825,-0.9362122814461419,-1.612974044343888,1,True,False,False,False,True,True,False,False
1290,-0.8101295736079209,0.5922997354771725,1.3604327435967896,1,True,False,True,False,False,True,False,False
1291,-0.13241500109164198,-1.369298490801542,-0.07120756170798104,1,False,False,False,False,False,True,False,False
1292,1.3585570584441717,0.9532383580562676,-0.5484209968095712,1,False,False,False,False,True,False,False,True
1293,1.6296428874506832,0.7185663743647718,0.5895495022788362,0,True,False,False,False,True,False,False,True
1294,1.4263285156957997,1.049635829122244,0.22246224450838217,1,False,False,False,False,True,False,False,True
1295,-1.7589299751307115,-0.3436454537553581,0.0,1,True,False,True,False,False,False,False,False
1296,-1.8267014323823394,3.1421708875215857,-0.21804246481616266,0,False,False,True,False,False,False,False,False
1297,1.3585570584441717,1.5969473555110618,0.9199280342722448,0,True,False,False,True,False,False,False,True
1298,-1.0812154026144325,-0.00865587977202461,-0.6952558999177528,1,True,False,False,False,False,False,False,False
1299,-1.5556156033758277,-0.5351024712368464,1.213597840488608,0,True,False,False,True,False,False,False,False
1300,0.6130710286762648,0.07281704181801901,-1.1724693350193431,1,False,False,False,False,False,False,True,False
1301,0.2742137424181254,-0.016355636135448447,-0.8420908030259345,1,False,False,True,False,False,False,True,False
1302,-1.2845297743693163,-0.8880469940294152,0.0,0,False,False,False,False,True,False,False,False
1303,0.8841568576827764,-1.0915453333650853,-0.07120756170798104,0,True,False,False,True,False,False,True,False
1304,0.4775281141730091,0.4271864543633329,0.9933454858263356,1,False,False,False,False,True,False,True,False
1305,-0.6068152018530373,-1.1442595645933915,0.0,1,False,False,False,True,False,True,False,False
1306,1.3585570584441717,3.1421708875215857,0.846510582718154,1,True,False,True,False,False,False,False,True
1307,-0.8101295736079209,1.1791134871709583,1.470558920927926,0,False,True,True,False,False,True,False,False
1308,-1.6911585178790836,1.2560776026889362,-0.10791628748502644,1,True,False,True,False,False,False,False,False
1309,-0.5390437446014094,0.7642899492944004,0.6996756796099725,1,False,False,False,True,False,True,False,False
1310,-0.26795791559489773,0.010536649338890577,-0.5851297225866167,1,True,False,False,False,False,True,False,False
1311,0.3419851996697533,-0.5560744401328794,-1.7598089474520695,1,False,True,False,True,False,False,True,False
1312,-0.26795791559489773,0.638933099169117,-1.0990518834652523,1,True,False,False,False,False,True,False,False
1313,1.6296428874506832,0.16964933839539648,-0.6585471741407075,0,False,False,False,True,False,False,False,True
1314,-1.1489868598660604,0.8992530984100198,1.1401803889345172,1,False,True,False,True,False,False,False,False
1315,1.4263285156957997,1.0031094994023366,-1.2825955123504793,1,False,False,True,False,False,False,False,True
1316,0.003127913411613825,1.4497087477274293,0.14904479295429138,1,False,True,False,False,True,True,False,False
1317,0.545299571424637,-1.6415327090548322,-0.03449883593093563,1,False,True,False,False,True,False,True,False
1318,0.6808424859278928,1.5112198335325406,0.7363844053870178,0,True,False,False,False,False,False,True,False
1319,0.8163854004311486,-1.050203461665728,1.5072676467049713,0,True,False,False,False,True,False,True,False
1320,-0.5390437446014094,-0.9549432265526466,0.0,0,False,False,False,True,False,True,False,False
1321,0.4775281141730091,0.8738994262837151,1.5806850982590621,1,True,False,False,True,False,False,True,False
1322,1.3585570584441717,-0.37000256936951126,0.6262582280558816,1,True,False,True,False,False,False,False,True
1323,-0.20018645834326987,0.16008317714457437,0.5528407765017909,0,False,True,True,False,False,True,False,False
1324,0.4775281141730091,1.405189304983219,0.7730931311640632,0,True,False,False,False,True,False,True,False
1325,-0.20018645834326987,-1.5192129478861036,0.5161320507247454,0,False,True,False,False,False,True,False,False
1326,0.07089937066324171,-0.25129520475703715,0.8832193084951995,1,False,True,False,False,True,False,True,False
1327,-0.6745866591046651,0.08562767034621784,-0.5851297225866167,1,False,True,False,False,True,True,False,False
1328,1.223014143940916,-1.2289836430840642,-0.2914599163702534,0,False,False,False,False,True,False,False,True
1329,-0.6745866591046651,-1.4883068884603707,1.470558920927926,0,False,False,False,False,True,True,False,False
1330,-1.7589299751307115,-0.8266697006893504,-0.03449883593093563,0,False,False,False,True,False,False,False,False
1331,0.4775281141730091,1.4102734186549846,-1.3193042381275246,1,False,True,False,False,False,False,True,False
1332,-0.8101295736079209,0.9102240805438297,0.8832193084951995,1,False,False,False,True,False,True,False,False
1333,0.8841568576827764,0.762584095365058,1.030054211603381,1,False,False,False,False,False,False,True,False
1334,0.545299571424637,0.9601286700061603,-0.6585471741407075,0,True,False,True,False,False,False,True,False
1335,2.37512891721859,0.7351231919142716,0.9566367600492902,0,False,False,False,False,True,False,False,True
1336,-1.6233870606274556,0.011138715431599661,0.6996756796099725,1,False,False,False,True,False,False,False,False
1337,0.3419851996697533,0.46897653082059537,1.8009374529213344,0,False,True,False,False,False,False,True,False
1338,-0.9456724881111767,-0.7569303782838818,-1.6496827701209333,1,False,True,True,False,False,True,False,False
1339,-0.47127228734978144,0.7850946776091254,-1.0990518834652523,0,False,True,True,False,False,True,False,False
1340,1.3585570584441717,-0.8118521851854547,0.7730931311640632,0,False,True,False,False,True,False,False,True
1341,2.37512891721859,1.4531539037023757,1.8009374529213344,0,False,True,False,False,False,False,False,True
1342,-1.3523012316209442,-0.1176365321756208,1.213597840488608,0,False,True,False,True,False,False,False,False
1343,-1.4200726888725719,-1.2757441096178028,-1.3193042381275246,1,False,False,False,False,True,False,False,False
1344,-1.6911585178790836,-0.07734493132687832,-0.9522169803570707,0,False,True,False,True,False,False,False,False
1345,-0.742358116356293,1.4737913914357927,1.2503065662656534,1,False,True,True,False,False,True,False,False
1346,0.3419851996697533,0.7288081875640784,0.9566367600492902,1,True,False,False,True,False,False,True,False
1347,1.3585570584441717,-1.1937293285443211,-1.7598089474520695,1,False,False,False,True,False,False,False,True
1348,-1.0812154026144325,-0.23333356632454952,1.4338501951508804,0,False,False,False,False,True,False,False,False
1349,1.5618714301990555,-0.7502742031478202,0.18575351873133678,1,False,False,False,True,False,False,False,True
1350,-0.4035008300981535,-0.6795782646172693,0.8098018569411086,1,False,True,False,False,True,True,False,False
1351,-0.4035008300981535,0.329665126590966,1.470558920927926,1,False,True,True,False,False,True,False,False
1352,1.223014143940916,0.7329156162410049,1.3237240178197442,0,False,True,False,False,True,False,False,True
1353,0.13867082791486962,0.33872956609786387,-1.245886786573434,0,True,False,False,False,True,False,True,False
1354,0.6808424859278928,-1.3070180983224136,0.0,1,False,True,False,False,False,False,True,False
1355,0.003127913411613825,-0.6362161266957106,0.9933454858263356,0,True,False,False,True,False,True,False,False
1356,1.155242686689288,1.1161975804828592,0.8098018569411086,1,False,False,True,False,False,False,False,True
1357,1.5618714301990555,1.057997858187648,-1.245886786573434,1,False,True,False,False,True,False,False,True
1358,-1.3523012316209442,0.21895186176501802,-1.0256344319111614,0,True,False,True,False,False,False,False,False
1359,-0.06464354384001407,-1.3862232376299195,0.0,1,True,False,False,False,False,True,False,False
1360,-0.06464354384001407,1.75635438799067,0.4060058733936092,0,False,True,False,True,False,True,False,False
1361,0.4097566569213812,0.14229546891664704,1.6173938240361074,0,False,False,False,False,True,False,True,False
1362,-0.47127228734978144,-1.6265814010858899,0.0,1,False,False,False,True,False,True,False,False
1363,0.13867082791486962,-1.3173201181309913,-0.5851297225866167,0,False,False,False,False,False,False,True,False
1364,0.3419851996697533,-1.3795336143775965,0.0022098898461097717,0,True,False,False,False,False,False,True,False
1365,0.003127913411613825,-0.6464512502717651,1.7275200013672436,1,True,False,True,False,False,True,False,False
1366,1.2907856011925438,1.1245261614320015,-0.5117122710325258,1,True,False,False,False,True,False,False,True
1367,0.3419851996697533,-1.6727398015269197,-0.18133373903911723,0,True,False,True,False,False,False,True,False
1368,-1.5556156033758277,-0.6063135107578262,1.5072676467049713,0,False,False,False,False,False,False,False,False
1369,1.3585570584441717,-0.9067444910196585,-1.3927216896816155,1,False,True,False,True,False,False,False,True
1370,-0.6068152018530373,0.9408960031557313,1.83764617869838,0,True,False,True,False,False,True,False,False
1371,-1.6233870606274556,-0.5772805458427438,0.846510582718154,0,True,False,True,False,False,False,False,False
1372,0.4775281141730091,0.11904233849157192,1.0667629373804264,0,False,False,False,True,False,False,True,False
1373,1.4263285156957997,-0.6404305893446742,0.9199280342722448,0,False,True,True,False,False,False,False,True
1374,-0.742358116356293,-0.38331491964163433,0.6262582280558816,0,False,True,False,True,False,True,False,False
1375,1.08747122943766,0.19115647715161538,-0.10791628748502644,0,False,False,False,False,True,False,False,True
1376,0.003127913411613825,1.2963156865516599,-1.4661391412357063,0,False,False,False,True,False,True,False,False
1377,0.13867082791486962,1.2721326984945116,-1.6863914958979787,1,False,True,False,False,True,False,True,False
1378,0.07089937066324171,-0.557245124202036,1.3237240178197442,1,True,False,False,True,False,False,True,False
1379,1.223014143940916,-1.5909926053835308,-0.8420908030259345,1,False,True,False,False,False,False,False,True
1380,-1.4878441461241998,0.957553165054016,0.846510582718154,1,False,False,False,False,False,False,False,False
1381,0.4775281141730091,1.249990045529322,-0.03449883593093563,1,True,False,False,False,True,False,True,False
1382,0.8841568576827764,0.7569648118331066,0.6262582280558816,0,True,False,False,False,True,False,True,False
1383,0.6130710286762648,1.5171735982271082,0.7730931311640632,0,False,False,False,False,False,False,True,False
1384,-0.26795791559489773,-0.303005992497495,-0.7686733514718437,0,False,False,False,False,True,True,False,False
1385,0.07089937066324171,0.5118904639842483,1.6173938240361074,0,False,False,False,True,False,False,True,False
1386,1.4263285156957997,-0.23520666083519998,-0.8420908030259345,1,False,True,False,True,False,False,False,True
1387,1.223014143940916,1.525201146129896,-0.8787995288029798,0,False,True,False,False,False,False,False,True
1388,0.2064422851664975,-0.48456236756554505,-1.3560129639045702,0,True,False,True,False,False,False,True,False
1389,0.4775281141730091,-1.7143492581563695,-1.612974044343888,1,False,False,False,True,False,False,True,False
1390,0.3419851996697533,0.15312596896215833,1.8009374529213344,0,True,False,False,False,True,False,True,False
1391,1.6296428874506832,-0.7459928442663334,-0.03449883593093563,0,True,False,True,False,False,False,False,True
1392,-0.47127228734978144,-0.5827994850259104,-0.43829481947843507,1,True,False,True,False,False,True,False,False
1393,0.2742137424181254,0.9377853283434011,1.103471663157472,0,True,False,False,True,False,False,True,False
1394,0.003127913411613825,-0.1264333867524257,-0.18133373903911723,0,False,False,False,True,False,True,False,False
1395,0.3419851996697533,-0.9297902431239117,-1.245886786573434,0,True,False,True,False,False,False,True,False
1396,-1.6911585178790836,3.1421708875215857,-0.21804246481616266,0,False,False,True,False,False,False,False,False
1397,-0.6745866591046651,0.3395323208881426,-0.03449883593093563,0,False,False,False,False,False,True,False,False
1398,-0.20018645834326987,0.09305315215629652,1.397141469373835,1,False,True,False,False,True,True,False,False
1399,0.9519283149344043,0.16453177660736928,0.7730931311640632,1,False,False,False,False,False,False,True,False
1400,2.37512891721859,0.9837095919705995,-0.10791628748502644,1,False,True,False,True,False,False,False,True
1401,0.003127913411613825,-0.4636907430182968,-0.21804246481616266,1,False,False,False,False,False,True,False,False
1402,0.8163854004311486,-0.3417054630121844,-1.0256344319111614,1,False,False,False,False,False,False,True,False
1403,1.223014143940916,0.42459088054143135,-0.9522169803570707,1,False,False,False,False,False,False,False,True
1404,-0.26795791559489773,-0.5988211327152243,0.0,0,False,True,False,False,False,True,False,False
1405,1.4940999729474276,0.8385113192789256,-0.07120756170798104,1,False,True,False,False,True,False,False,True
1406,0.2742137424181254,-0.1247208431998311,-1.245886786573434,1,True,False,False,False,True,False,True,False
1407,1.2907856011925438,0.3212696494093005,-0.8787995288029798,0,False,True,True,False,False,False,False,True
1408,-0.4035008300981535,3.1421708875215857,-0.47500354525548044,0,False,True,False,True,False,True,False,False
1409,-0.33572937284652565,-0.8256328090852404,0.9566367600492902,1,False,True,False,False,False,True,False,False
1410,-1.7589299751307115,0.1168682109345669,0.07562734140020058,0,False,True,True,False,False,False,False,False
1411,-0.06464354384001407,-1.2663786370645504,-1.245886786573434,1,True,False,True,False,False,True,False,False
1412,0.9519283149344043,0.9817696012274257,0.6996756796099725,0,False,True,True,False,False,False,True,False
1413,0.003127913411613825,-0.03719381256643503,-1.0256344319111614,1,False,False,False,False,True,True,False,False
1414,-0.13241500109164198,0.3397062510927029,-1.3193042381275246,0,False,False,False,False,False,True,False,False
1415,-0.742358116356293,0.6920420181693105,1.3604327435967896,0,False,True,False,False,False,True,False,False
1416,0.8163854004311486,0.47503063986394783,-1.0990518834652523,1,False,True,False,True,False,False,True,False
1417,0.3419851996697533,-0.1826262220719401,-0.5484209968095712,1,False,False,False,False,False,False,True,False
1418,-1.2845297743693163,0.8307848044224925,1.0667629373804264,1,False,False,False,False,False,False,False,False
1419,1.0196997721860321,0.3486302085113021,0.6996756796099725,1,True,False,True,False,False,False,True,False
1420,1.3585570584441717,-1.1293082566244492,0.0,1,False,False,False,True,False,False,False,True
1421,0.7486139431795207,-0.7228801959295569,-0.8053820772488891,0,False,False,False,False,False,False,True,False
1422,0.003127913411613825,-0.8659043410642256,-0.7319646256947983,1,False,True,False,False,True,True,False,False
1423,0.003127913411613825,-0.30725390326272023,-0.7686733514718437,1,False,False,False,False,False,True,False,False
1424,-0.13241500109164198,-1.4851962136480403,-0.5117122710325258,0,True,False,True,False,False,True,False,False
1425,0.4775281141730091,1.0812442989894708,-1.5028478670127516,0,False,False,False,False,True,False,True,False
1426,1.4940999729474276,-0.8908900839116526,-1.2091780607963885,1,False,True,True,False,False,False,False,True
1427,-0.20018645834326987,-0.8487454574220168,-0.47500354525548044,0,False,True,False,False,False,True,False,False
1428,-0.26795791559489773,-0.9192206383852412,-0.6952558999177528,0,False,False,False,False,True,True,False,False
1429,-1.0134439453628046,-0.7769657999245895,-1.1357606092422976,1,False,True,False,True,False,False,False,False
1430,-1.4200726888725719,0.5553730151243488,-1.7231002216750242,0,True,False,False,True,False,False,False,False
1431,0.545299571424637,-0.4266302302004267,0.0022098898461097717,0,True,False,False,False,True,False,True,False
1432,1.155242686689288,0.06582638551934133,0.0,1,False,False,False,False,True,False,False,True
1433,-0.5390437446014094,-1.4975720166648383,-1.6496827701209333,1,False,False,True,False,False,True,False,False
1434,-1.8267014323823394,-0.4329184760576104,0.0,0,False,False,False,False,True,False,False,False
1435,-1.3523012316209442,0.7926539518842506,1.470558920927926,0,False,True,True,False,False,False,False,False
1436,1.223014143940916,0.28243638642956465,1.654102549813153,1,True,False,False,False,False,False,False,True
1437,-0.8101295736079209,0.2562130632804579,0.9566367600492902,0,True,False,True,False,False,True,False,False
1438,-0.9456724881111767,-0.5806253574689053,-1.5395565927897972,0,False,True,False,False,True,True,False,False
1439,-1.0812154026144325,-0.4156391791968598,1.6908112755901983,0,True,False,False,False,True,False,False,False
1440,1.5618714301990555,-1.1501464330554358,0.9199280342722448,1,False,False,False,False,False,False,False,True
1441,-0.33572937284652565,1.0536161549573761,-0.3648773679243443,0,False,False,False,False,True,True,False,False
1442,-0.8779010308595488,-0.9427681122334185,-1.3193042381275246,0,False,False,False,False,True,True,False,False
1443,0.003127913411613825,-0.28156574997379935,0.0,1,True,False,False,True,False,True,False,False
1444,0.4097566569213812,1.530586292848016,0.8098018569411086,0,False,False,False,True,False,False,True,False
1445,-1.7589299751307115,-0.19166390308582856,0.5161320507247454,0,False,True,False,False,False,False,False,False
1446,0.003127913411613825,-1.1525546974262721,0.25917097028542757,1,False,True,True,False,False,True,False,False
1447,-0.33572937284652565,1.2289177322845042,-0.25475119059320805,1,True,False,False,True,False,True,False,False
1448,-0.4035008300981535,-0.8739653370832751,0.4427145991706546,1,False,True,True,False,False,True,False,False
1449,1.5618714301990555,1.4154244285592732,-0.25475119059320805,1,False,True,False,False,True,False,False,True
1450,-0.20018645834326987,-0.7648910299541463,0.25917097028542757,0,True,False,False,True,False,True,False,False
1451,-0.4035008300981535,-0.18456621281511382,-0.47500354525548044,0,False,False,False,False,False,True,False,False
1452,-0.4035008300981535,-0.31909453641933216,1.287015292042699,1,False,False,False,False,False,True,False,False
1453,1.4263285156957997,0.4251929466341404,0.6996756796099725,1,False,False,False,False,False,False,False,True
1454,1.6296428874506832,0.22416976790183007,-1.5395565927897972,0,True,False,False,True,False,False,False,True
1455,0.9519283149344043,0.3187209029501654,0.18575351873133678,1,False,True,True,False,False,False,True,False
1456,-1.4878441461241998,0.9720361993952955,-1.7598089474520695,0,False,False,False,False,True,False,False,False
1457,-0.8779010308595488,-0.8864080363325961,-0.18133373903911723,1,False,False,True,False,False,True,False,False
1458,1.0196997721860321,-0.13774553967210407,-0.14462501326207183,0,True,False,True,False,False,False,True,False
1459,0.6130710286762648,-0.24945555836264827,-0.07120756170798104,1,False,False,False,False,True,False,True,False
1460,2.37512891721859,0.9411970362020858,-1.3193042381275246,1,True,False,False,False,True,False,False,True
1461,-1.3523012316209442,-1.013678118708044,-0.9889257061341161,0,False,True,False,True,False,False,False,False
1462,0.003127913411613825,-1.6084525220720942,-1.0256344319111614,1,True,False,False,True,False,True,False,False
1463,1.08747122943766,0.62785508306327,1.3604327435967896,0,True,False,False,True,False,False,False,True
1464,-1.5556156033758277,-0.34073546764059753,1.5806850982590621,0,True,False,False,True,False,False,False,False
1465,0.7486139431795207,1.4249236935775722,-1.4661391412357063,0,True,False,False,True,False,False,True,False
1466,-1.6233870606274556,-1.4100717445244515,-0.8420908030259345,0,False,True,False,False,True,False,False,False
1467,-1.4878441461241998,-1.6402951287531524,-1.4661391412357063,0,False,True,True,False,False,False,False,False
1468,1.155242686689288,-0.3446823453594682,-1.245886786573434,1,False,False,False,True,False,False,False,True
1469,0.2742137424181254,1.1337578415202074,-1.429430415458661,1,False,True,False,True,False,False,True,False
1470,1.6296428874506832,1.168276297502195,1.4338501951508804,0,False,True,True,False,False,False,False,True
1471,0.13867082791486962,-0.21446882875299825,-0.25475119059320805,1,False,False,False,True,False,False,True,False
1472,1.2907856011925438,-1.4230161655176967,0.846510582718154,0,False,True,True,False,False,False,False,True
1473,0.4775281141730091,-1.6611667533004006,-0.9155082545800253,1,True,False,True,False,False,False,True,False
1474,0.8163854004311486,1.0710760716459395,1.1401803889345172,1,True,False,False,False,True,False,True,False
1475,1.6296428874506832,-1.1014794238947851,0.0,1,False,False,False,False,False,False,False,True
1476,-0.8101295736079209,-1.6880924868910012,0.0,1,False,False,False,False,True,True,False,False
1477,-1.0134439453628046,-1.3632443817581896,1.5439763724820166,0,False,False,False,False,False,False,False,False
1478,1.4940999729474276,-0.7191005587919943,-0.43829481947843507,0,True,False,False,False,False,False,False,True
1479,0.9519283149344043,0.6575570103035847,0.6996756796099725,1,False,True,False,False,False,False,True,False
1480,0.13867082791486962,1.3395306527616673,0.03891861562315518,1,True,False,False,True,False,False,True,False
1481,-0.6068152018530373,1.590659109653878,-0.9155082545800253,0,False,False,False,False,True,True,False,False
1482,-0.742358116356293,1.1429560734921518,-1.0990518834652523,1,False,True,False,False,False,True,False,False
1483,-0.6068152018530373,-1.4966689175257746,0.4060058733936092,0,False,True,True,False,False,True,False,False
1484,0.003127913411613825,-1.0849560544615469,-0.3648773679243443,0,True,False,False,True,False,True,False,False
1485,-0.13241500109164198,0.5222928281416108,0.9199280342722448,0,False,False,False,False,True,True,False,False
1486,0.6130710286762648,1.49733886528397,1.470558920927926,1,True,False,False,False,False,False,True,False
1487,-0.13241500109164198,0.43556186267524133,-1.1357606092422976,0,False,True,True,False,False,True,False,False
1488,0.003127913411613825,1.0557568343981196,-1.0990518834652523,1,True,False,False,False,True,True,False,False
1489,-1.2845297743693163,-0.6331723481159036,-0.47500354525548044,0,True,False,False,False,True,False,False,False
1490,0.003127913411613825,-0.15651662251812268,0.9199280342722448,1,False,False,False,True,False,True,False,False
1491,0.003127913411613825,1.5240304620607394,1.7642287271442891,1,False,False,False,False,True,True,False,False
1492,-1.8267014323823394,-0.2174055733607682,0.22246224450838217,1,False,True,False,True,False,False,False,False
1493,1.2907856011925438,1.1421198705856115,0.7363844053870178,0,True,False,False,False,False,False,False,True
1494,0.003127913411613825,0.5757763660439343,-0.07120756170798104,0,True,False,False,True,False,True,False,False
1495,0.2742137424181254,-1.6587250408133027,0.0,1,True,False,True,False,False,False,True,False
1496,1.3585570584441717,0.06311708810215046,0.0,1,False,True,False,True,False,False,False,True
1497,-0.20018645834326987,3.1421708875215857,1.8009374529213344,1,False,True,True,False,False,True,False,False
1498,0.8163854004311486,0.38666071670075913,-0.5851297225866167,0,False,False,False,True,False,False,True,False
1499,1.155242686689288,-0.106565205693026,-1.0256344319111614,0,False,False,False,False,True,False,False,True
1500,-1.8267014323823394,-0.0786694767308385,1.1768891147115625,0,False,False,False,False,False,False,False,False
1501,-0.8101295736079209,0.7523489717890036,0.0,0,True,False,True,False,False,True,False,False
1502,0.7486139431795207,0.5446696179206317,-0.03449883593093563,1,True,False,False,True,False,False,True,False
1503,-1.5556156033758277,-0.09773490299995945,-0.43829481947843507,1,False,False,False,True,False,False,False,False
1504,-0.4035008300981535,0.07499116937502404,-1.245886786573434,0,True,False,False,True,False,True,False,False
1505,0.07089937066324171,-0.147907077392383,-0.5117122710325258,0,False,False,False,False,True,False,True,False
1506,-1.6911585178790836,-0.29881828834154084,1.5806850982590621,1,False,True,False,False,True,False,False,False
1507,-1.0812154026144325,-1.6503630117478987,0.8098018569411086,0,False,False,True,False,False,False,False,False
1508,-0.13241500109164198,-0.9756810586348484,-0.6218384483636621,0,False,True,True,False,False,True,False,False
1509,-0.8101295736079209,0.8420902677189186,-1.3927216896816155,0,True,False,False,False,True,True,False,False
1510,1.5618714301990555,-0.5201511632679041,-1.429430415458661,0,False,False,True,False,False,False,False,True
1511,0.6130710286762648,-0.31862626279166956,0.8832193084951995,0,True,False,False,False,False,False,True,False
1512,-0.4035008300981535,3.1421708875215857,1.0667629373804264,0,False,True,False,False,False,True,False,False
1513,0.07089937066324171,-1.1129186796562576,1.030054211603381,1,False,True,False,False,True,False,True,False
1514,-0.9456724881111767,-0.10753520106461285,0.295879696062473,0,False,True,True,False,False,True,False,False
1515,0.003127913411613825,0.19640783140468904,-0.8787995288029798,0,True,False,False,True,False,True,False,False
1516,-1.5556156033758277,-0.10806368130154648,-1.7231002216750242,1,True,False,False,False,False,False,False,False
1517,1.2907856011925438,1.3245124485602018,0.5528407765017909,1,True,False,False,False,True,False,False,True
1518,1.4263285156957997,-0.6354468200216935,-0.5117122710325258,1,True,False,True,False,False,False,False,True
1519,0.13867082791486962,0.7911487866524778,0.0,0,False,True,False,False,True,False,True,False
1520,1.223014143940916,1.177474529474139,1.3237240178197442,1,False,True,False,True,False,False,False,True
1521,1.6296428874506832,1.4615493808840414,-1.1357606092422976,0,False,False,False,False,False,False,False,True
1522,-1.5556156033758277,0.28099811743031516,0.662966953832927,0,False,False,False,False,True,False,False,False
1523,0.003127913411613825,0.7812815923553013,-0.25475119059320805,0,True,False,False,False,True,True,False,False
1524,0.003127913411613825,0.48874436753121026,-0.3648773679243443,1,False,True,False,False,True,True,False,False
1525,-0.13241500109164198,-0.5762436542386337,-0.2914599163702534,1,False,True,False,True,False,True,False,False
1526,-0.13241500109164198,-0.6721059554444243,0.9566367600492902,1,False,True,False,False,True,True,False,False
1527,1.3585570584441717,0.6851851543356793,-0.9155082545800253,1,False,False,False,True,False,False,False,True
1528,-0.47127228734978144,-1.3069177539736287,0.4060058733936092,1,False,False,False,True,False,True,False,False
1529,0.7486139431795207,-0.49332577402608835,-0.10791628748502644,0,False,True,False,True,False,False,True,False
1530,0.545299571424637,-0.685184168902716,-1.0990518834652523,0,False,True,False,False,False,False,True,False
1531,0.3419851996697533,0.394420679673454,0.6996756796099725,0,False,True,False,False,False,False,True,False
1532,0.003127913411613825,-1.7076261867877849,1.5072676467049713,0,False,False,False,False,True,True,False,False
1533,0.6130710286762648,0.6328723005025123,0.0,1,False,True,False,False,True,False,True,False
1534,-0.33572937284652565,0.8088428401548725,-0.6218384483636621,1,False,True,False,False,False,True,False,False
1535,-1.2167583171176883,-0.1519542994600385,-0.3648773679243443,0,True,False,True,False,False,False,False,False
1536,-1.5556156033758277,-0.7627169023971412,0.0,1,True,False,False,False,False,False,False,False
1537,0.545299571424637,1.1777755625204938,1.7642287271442891,1,False,False,False,True,False,False,True,False
1538,0.4097566569213812,-0.3295637968092179,-0.47500354525548044,0,False,True,False,False,False,False,True,False
1539,1.6296428874506832,-1.2970840077927137,-1.6863914958979787,0,False,True,False,True,False,False,False,True
1540,0.2064422851664975,0.30725488869568346,0.8832193084951995,1,True,False,False,False,True,False,True,False
1541,0.003127913411613825,-1.6933103930278133,-1.5028478670127516,1,False,False,True,False,False,True,False,False
1542,-0.6068152018530373,1.5658740555040207,1.7642287271442891,0,True,False,False,False,True,True,False,False
1543,0.2742137424181254,1.314411117449194,0.0,0,True,False,False,True,False,False,True,False
1544,-1.8267014323823394,-0.8495816603285572,0.0,0,True,False,False,True,False,False,False,False
1545,-1.5556156033758277,-1.5712582167891775,0.6996756796099725,1,True,False,False,True,False,False,False,False
1546,0.003127913411613825,1.008026372492794,-1.3193042381275246,0,False,True,True,False,False,True,False,False
1547,-1.6233870606274556,-1.2895247335175886,0.0022098898461097717,0,False,True,False,False,False,False,False,False
1548,-0.8101295736079209,0.6868575601487601,0.4060058733936092,1,True,False,False,False,True,True,False,False
1549,-0.26795791559489773,1.0618778396739954,-1.7231002216750242,1,False,False,False,False,True,True,False,False
1550,-0.8101295736079209,-0.21811467342551435,0.4060058733936092,1,False,False,False,False,False,True,False,False
1551,-1.7589299751307115,-1.4907486009474686,-1.612974044343888,1,False,False,False,False,True,False,False,False
1552,1.4263285156957997,-0.0624805884602165,-0.18133373903911723,1,False,False,True,False,False,False,False,True
1553,0.003127913411613825,0.9477528669893626,-0.8053820772488891,0,True,False,False,False,True,True,False,False
1554,0.2742137424181254,0.39562481185887216,-0.6218384483636621,0,False,True,False,True,False,False,True,False
1555,-0.06464354384001407,0.7207739500380383,-1.0256344319111614,1,False,False,False,False,False,True,False,False
1556,-0.5390437446014094,-1.4376998885565462,0.0,1,True,False,True,False,False,True,False,False
1557,-0.26795791559489773,-1.040470059833598,0.846510582718154,1,False,False,False,False,False,True,False,False
1558,-1.0812154026144325,0.8314872148639864,0.03891861562315518,1,False,False,True,False,False,False,False,False
1559,1.4940999729474276,0.5294507250215966,0.0,1,True,False,False,True,False,False,False,True
1560,0.4775281141730091,-0.9445408623952842,-0.18133373903911723,0,False,True,False,False,False,False,True,False
1561,0.3419851996697533,-0.4847630562631147,0.33258842183951837,0,False,True,False,False,True,False,True,False
1562,0.3419851996697533,-0.9097882695994655,-1.6863914958979787,0,True,False,True,False,False,False,True,False
1563,1.5618714301990555,-1.032375615698287,1.3604327435967896,0,False,True,False,False,False,False,False,True
1564,1.0196997721860321,0.8500843675054447,0.7730931311640632,1,True,False,False,False,True,False,True,False
1565,0.6130710286762648,1.2982556772948335,-1.7231002216750242,0,True,False,False,False,False,False,True,False
1566,-1.0812154026144325,1.1775748738229241,1.397141469373835,1,True,False,False,False,False,False,False,False
1567,-1.6911585178790836,-1.024615652725592,-0.18133373903911723,1,False,True,False,False,False,False,False,False
1568,-1.8267014323823394,0.1076432204696132,-1.7231002216750242,1,True,False,True,False,False,False,False,False
1569,0.3419851996697533,1.1702162882453686,1.1768891147115625,0,False,False,False,False,True,False,True,False
1570,0.8163854004311486,0.17767688629818423,-0.5117122710325258,1,False,True,False,True,False,False,True,False
1571,-1.2167583171176883,-0.26745064491139753,1.8009374529213344,0,False,True,True,False,False,False,False,False
1572,2.37512891721859,-1.4799783075112283,1.397141469373835,0,False,True,True,False,False,False,False,True
1573,1.08747122943766,-0.6844148622286989,-0.6952558999177528,1,False,True,True,False,False,False,False,True
1574,0.07089937066324171,1.3729118727907597,-1.5028478670127516,1,False,False,False,True,False,False,True,False
1575,-1.0134439453628046,-0.8354665552661554,-0.9889257061341161,1,False,True,False,False,True,False,False,False
1576,-1.0812154026144325,-0.763252072257327,-0.18133373903911723,0,False,True,False,False,True,False,False,False
1577,0.2064422851664975,1.4768686181318613,0.33258842183951837,1,True,False,False,False,True,False,True,False
1578,1.223014143940916,-0.2505593461992816,-0.47500354525548044,0,False,True,False,False,False,False,False,True
1579,-1.7589299751307115,-1.3484603143705554,0.7363844053870178,1,False,False,False,False,False,False,False,False
1580,1.5618714301990555,-0.8706874216896368,1.030054211603381,1,False,False,False,False,False,False,False,True
1581,1.4940999729474276,-1.3056467255556874,1.6173938240361074,0,False,False,False,True,False,False,False,True
1582,0.4775281141730091,-1.2634017547172667,-0.6585471741407075,0,False,False,False,False,False,False,True,False
1583,0.003127913411613825,1.2417952570452262,-0.07120756170798104,0,False,True,False,True,False,True,False,False
1584,-0.742358116356293,-1.5225577595122652,0.0,0,False,True,False,False,True,True,False,False
1585,-0.13241500109164198,1.528846990802412,1.1401803889345172,0,False,False,False,False,False,True,False,False
1586,-1.3523012316209442,1.0000322727062678,0.4794233249477,0,False,False,False,False,False,False,False,False
1587,0.07089937066324171,0.5625309120043345,-0.6952558999177528,1,False,True,True,False,False,False,True,False
1588,-0.13241500109164198,-0.3824251997490754,0.22246224450838217,1,False,False,False,True,False,True,False,False
1589,-1.2167583171176883,0.7984739241137717,-1.2091780607963885,0,True,False,False,False,True,False,False,False
1590,0.003127913411613825,-1.156568471377666,-1.3560129639045702,1,False,False,True,False,False,True,False,False
1591,0.4097566569213812,-0.9582545900625467,-1.1724693350193431,0,False,False,True,False,False,False,True,False
1592,1.5618714301990555,-0.036290713427371404,-1.2091780607963885,1,True,False,False,False,True,False,False,True
1593,0.8841568576827764,0.28380775919629087,0.0,1,True,False,True,False,False,False,True,False
1594,-1.4200726888725719,0.8943027772033006,-1.5028478670127516,0,False,True,False,True,False,False,False,False
1595,-1.6233870606274556,0.00826217743310071,1.287015292042699,0,False,True,False,True,False,False,False,False
1596,1.4940999729474276,1.4518159790519112,-1.6863914958979787,0,True,False,False,False,False,False,False,True
1597,1.155242686689288,0.8428261262766741,-1.2091780607963885,1,True,False,True,False,False,False,False,True
1598,-1.1489868598660604,-1.0040450612246985,-0.6952558999177528,0,False,True,False,False,False,False,False,False
1599,0.07089937066324171,0.029100353864087294,-0.9522169803570707,1,False,False,True,False,False,False,True,False
1600,0.545299571424637,-0.25577725233609366,0.0,0,True,False,False,True,False,False,True,False
1601,-0.20018645834326987,1.390204548898015,-1.612974044343888,1,False,True,False,True,False,True,False,False
1602,-0.47127228734978144,1.532693524172498,1.287015292042699,1,False,False,False,True,False,True,False,False
1603,0.545299571424637,-0.2845426323210831,0.5895495022788362,0,True,False,True,False,False,False,True,False
1604,-1.2167583171176883,0.0404058171605134,0.0,1,False,False,False,True,False,False,False,False
1605,0.6130710286762648,-0.4296740087802337,-1.0256344319111614,1,False,True,True,False,False,False,True,False
1606,-1.2845297743693163,0.9971222865915074,1.287015292042699,0,True,False,False,False,False,False,False,False
1607,0.003127913411613825,-0.7846254185484995,0.7730931311640632,1,False,False,True,False,False,True,False,False
1608,0.4775281141730091,0.04251304848499519,-0.9889257061341161,0,True,False,False,False,False,False,True,False
1609,1.4263285156957997,-0.10566210655396237,1.213597840488608,0,False,False,True,False,False,False,False,True
1610,0.4775281141730091,1.6030349126706758,0.846510582718154,0,False,True,False,False,False,False,True,False
1611,1.3585570584441717,0.3798373009833895,-0.6218384483636621,0,False,True,False,True,False,False,False,True
1612,0.545299571424637,-0.6644128887042526,-0.5851297225866167,1,True,False,False,False,False,False,True,False
1613,-0.6745866591046651,-1.5531293377753819,-1.2091780607963885,1,False,False,False,True,False,True,False,False
1614,1.4263285156957997,-0.5509301198518428,0.9933454858263356,1,True,False,False,True,False,False,False,True
1615,0.7486139431795207,-1.3112660090876387,-0.40158609370138965,0,True,False,False,False,False,False,True,False
1616,0.2742137424181254,-1.072948180723627,1.8009374529213344,1,False,False,True,False,False,False,True,False
1617,-0.26795791559489773,0.8328920357469742,-1.2825955123504793,1,False,False,True,False,False,True,False,False
1618,-0.33572937284652565,-1.6750811696652328,-0.47500354525548044,0,False,False,False,False,True,True,False,False
1619,0.2742137424181254,-0.12609890558980957,1.7642287271442891,0,False,True,True,False,False,False,True,False
1620,0.6130710286762648,-0.8572412789524672,-0.9522169803570707,1,True,False,False,False,True,False,True,False
1621,0.003127913411613825,1.1009786875838241,0.6262582280558816,0,True,False,True,False,False,True,False,False
1622,1.4263285156957997,1.0252187042512646,1.3237240178197442,0,False,True,True,False,False,False,False,True
1623,0.003127913411613825,-0.8587798923005016,-1.7231002216750242,0,False,False,False,True,False,True,False,False
1624,-0.33572937284652565,-0.46499521955249984,1.5439763724820166,0,False,True,False,False,True,True,False,False
1625,-0.20018645834326987,-0.9713662516371,0.8832193084951995,1,False,True,True,False,False,True,False,False
1626,0.4775281141730091,-1.1178690008629768,0.5895495022788362,0,False,True,False,False,True,False,True,False
1627,0.8841568576827764,1.1195089439927592,0.9566367600492902,0,True,False,False,True,False,False,True,False
1628,0.13867082791486962,1.6005263039510547,0.662966953832927,0,False,True,False,True,False,False,True,False
1629,-0.742358116356293,-1.0200667089140125,0.11233606717724598,0,True,False,False,False,True,True,False,False
1630,1.4263285156957997,-0.42542609801500847,0.4794233249477,0,True,False,False,True,False,False,False,True
1631,-0.5390437446014094,-1.5481121203361394,-0.9522169803570707,0,True,False,False,False,False,True,False,False
1632,1.3585570584441717,-0.5223252908249092,-0.8420908030259345,0,False,False,False,False,False,False,False,True
1633,-0.20018645834326987,0.5638019404222759,0.6996756796099725,0,True,False,False,True,False,True,False,False
1634,-0.4035008300981535,-1.4499418991082975,1.213597840488608,1,True,False,False,False,False,True,False,False
1635,-1.0134439453628046,0.7444886644675239,0.22246224450838217,0,False,False,True,False,False,False,False,False
1636,-0.6068152018530373,1.033881766363023,-1.5762653185668425,1,True,False,False,False,True,True,False,False
1637,1.4263285156957997,-0.03288569519193883,-0.5117122710325258,0,False,True,True,False,False,False,False,True
1638,0.545299571424637,-0.7142171338177985,0.0,0,False,True,False,False,True,False,True,False
1639,0.003127913411613825,-0.4331526128714417,-0.21804246481616266,0,True,False,False,True,False,True,False,False
1640,0.003127913411613825,0.3253837677094792,-1.245886786573434,0,False,False,True,False,False,True,False,False
1641,0.003127913411613825,1.030837987783216,1.3604327435967896,1,False,True,False,True,False,True,False,False
1642,-1.0812154026144325,-0.442618429773479,0.4060058733936092,0,False,False,False,True,False,False,False,False
1643,-1.2845297743693163,-1.552159342403795,-1.3560129639045702,0,False,False,False,False,True,False,False,False
1644,-1.4200726888725719,-0.24085939248341304,0.0022098898461097717,1,False,True,False,False,True,False,False,False
1645,0.003127913411613825,0.052346794665910204,-0.25475119059320805,1,False,False,False,False,True,True,False,False
1646,-0.9456724881111767,0.001271521134423028,-0.40158609370138965,0,False,True,True,False,False,True,False,False
1647,0.003127913411613825,-1.2311912187573308,1.213597840488608,1,False,False,False,False,False,True,False,False
1648,1.6296428874506832,-1.723714730709622,-0.14462501326207183,1,False,True,False,False,True,False,False,True
1649,-0.6068152018530373,0.5585840342854639,-0.5117122710325258,1,True,False,False,False,True,True,False,False
1650,1.2907856011925438,-0.69930596358837,-0.6952558999177528,0,False,True,True,False,False,False,False,True
